nombre,apellido
Valeria,Mendoza
Mariana,Gomez
Karla,Garcia
Alejandro,Martinez
Ignacio,Diaz
Queta,Gomez
Beatriz,Ruiz
Karla,Reyes
Karla,Chavez
Tomas,Sanchez
Hilda,Hernandez
Julia,Ruiz
Gabriel,Lopez
Diana,Reyes
William,Martinez
Roberto,Alvarez
Alejandro,Gomez
Yolanda,Sanchez
Olga,Flores
Gabriel,Ramirez
William,Jimenez
Valeria,Lopez
Olga,Reyes
Zoe,Rivera
Zoe,Jimenez
Roberto,Hernandez
Ulises,Ruiz
Alejandro,Moreno
Pablo,Hernandez
Julia,Rodriguez
Hilda,Vasquez
Fernanda,Flores
Roberto,Ortiz
Gabriel,Moreno
Pablo,Vasquez
Julia,Vasquez
Zoe,Gomez
Julia,Ruiz
Tomas,Torres
Sara,Ortiz
Julia,Mendoza
Pablo,Vasquez
Sara,Jimenez
Hilda,Morales
Valeria,Gomez
Fernanda,Rivera
William,Gonzalez
Zoe,Garcia
Sara,Martinez
Ignacio,Flores
Alejandro,Flores
Tomas,Moreno
Karla,Gutierrez
Beatriz,Ruiz
William,Vasquez
Pablo,Gomez
Tomas,Gonzalez
Julia,Ruiz
Olga,Flores
Diana,Ramirez
Sara,Chavez
Fernanda,Gutierrez
Zoe,Jimenez
Fernanda,Jimenez
Nicolas,Vasquez
Roberto,Flores
Karla,Moreno
Ximena,Jimenez
Sara,Lopez
Ulises,Flores
Luis,Cruz
Zoe,Morales
Carlos,Diaz
Ximena,Lopez
Alejandro,Jimenez
Julia,Ortiz
Nicolas,Chavez
Nicolas,Sanchez
Diana,Martinez
Tomas,Jimenez
Diana,Lopez
Valeria,Gonzalez
Mariana,Perez
Zoe,Rivera
Pablo,Vasquez
Sara,Hernandez
Beatriz,Mendoza
Tomas,Ortiz
Sara,Lopez
Ximena,Reyes
Gabriel,Perez
Tomas,Cruz
Luis,Rodriguez
Hilda,Torres
Karla,Lopez
Gabriel,Ramirez
Ulises,Chavez
Sara,Perez
Luis,Alvarez
Julia,Rivera
Valeria,Moreno
Gabriel,Reyes
Sara,Martinez
William,Flores
Alejandro,Garcia
Hilda,Rivera
Yolanda,Gonzalez
Nicolas,Sanchez
Olga,Alvarez
William,Jimenez
Beatriz,Morales
Luis,Ruiz
Julia,Chavez
Hilda,Hernandez
Queta,Ortiz
Ulises,Moreno
Ulises,Torres
Queta,Flores
Ignacio,Alvarez
Valeria,Diaz
Sara,Morales
Eduardo,Moreno
Roberto,Ruiz
Beatriz,Lopez
Sara,Gonzalez
Zoe,Jimenez
Ulises,Hernandez
Nicolas,Lopez
Ximena,Morales
Julia,Gutierrez
Karla,Sanchez
Pablo,Mendoza
Olga,Alvarez
Karla,Ruiz
Valeria,Mendoza
Ximena,Gutierrez
Mariana,Ortiz
Olga,Mendoza
Zoe,Hernandez
Eduardo,Ortiz
Olga,Diaz
Diana,Perez
Mariana,Perez
Alejandro,Diaz
Yolanda,Ortiz
Queta,Ramirez
Valeria,Cruz
Roberto,Morales
Julia,Gomez
Alejandro,Alvarez
Hilda,Vasquez
Tomas,Hernandez
William,Reyes
Gabriel,Moreno
Eduardo,Reyes
Zoe,Chavez
Nicolas,Ruiz
Queta,Lopez
Yolanda,Perez
Nicolas,Vasquez
Valeria,Rodriguez
Zoe,Diaz
Karla,Sanchez
William,Chavez
Julia,Rivera
Pablo,Gutierrez
Mariana,Diaz
Sara,Jimenez
Olga,Gonzalez
Beatriz,Reyes
Sara,Reyes
William,Rivera
Zoe,Gomez
Pablo,Lopez
Zoe,Rivera
Alejandro,Martinez
William,Garcia
Eduardo,Ortiz
Roberto,Jimenez
Tomas,Ramirez
Yolanda,Sanchez
Roberto,Sanchez
Diana,Morales
Gabriel,Gonzalez
Yolanda,Diaz
Alejandro,Lopez
Diana,Reyes
Ximena,Alvarez
Luis,Flores
William,Gonzalez
Eduardo,Martinez
Yolanda,Sanchez
Zoe,Ortiz
Hilda,Diaz
Gabriel,Ortiz
Alejandro,Torres
Diana,Perez
Pablo,Flores
Hilda,Rivera
Mariana,Ortiz
Queta,Diaz
Carlos,Gomez
Valeria,Cruz
Karla,Gonzalez
Beatriz,Rivera
Fernanda,Ortiz
Ulises,Jimenez
Queta,Diaz
Beatriz,Morales
Pablo,Alvarez
Hilda,Garcia
Luis,Ramirez
Valeria,Rivera
Eduardo,Jimenez
Gabriel,Torres
Hilda,Alvarez
Julia,Alvarez
Sara,Rodriguez
Roberto,Mendoza
Julia,Vasquez
Sara,Ramirez
Ulises,Torres
Fernanda,Alvarez
Diana,Ruiz
Hilda,Flores
Gabriel,Flores
Yolanda,Morales
Gabriel,Gomez
Alejandro,Moreno
Valeria,Vasquez
Olga,Flores
Tomas,Torres
Olga,Mendoza
Nicolas,Ruiz
Beatriz,Chavez
Diana,Gomez
Olga,Vasquez
Queta,Flores
Pablo,Chavez
Yolanda,Gomez
Olga,Morales
Hilda,Torres
Tomas,Morales
Carlos,Hernandez
Karla,Rivera
Alejandro,Sanchez
Hilda,Rivera
Pablo,Jimenez
Queta,Martinez
Carlos,Diaz
William,Jimenez
Ximena,Jimenez
Queta,Rodriguez
Queta,Lopez
Beatriz,Cruz
Zoe,Morales
Carlos,Perez
Sara,Cruz
Yolanda,Chavez
Ximena,Mendoza
Beatriz,Martinez
Diana,Cruz
Pablo,Martinez
Luis,Garcia
Ignacio,Lopez
Luis,Mendoza
Karla,Torres
Sara,Jimenez
Mariana,Reyes
Diana,Moreno
Julia,Gomez
Yolanda,Sanchez
Eduardo,Jimenez
Karla,Sanchez
William,Diaz
Mariana,Chavez
Olga,Jimenez
Gabriel,Ruiz
Queta,Alvarez
Pablo,Flores
Gabriel,Perez
Ximena,Perez
Alejandro,Gutierrez
Ximena,Morales
Hilda,Alvarez
Queta,Gutierrez
Sara,Rivera
Fernanda,Rivera
Zoe,Diaz
Ignacio,Hernandez
Eduardo,Vasquez
Alejandro,Cruz
Gabriel,Flores
Alejandro,Gonzalez
Zoe,Hernandez
Pablo,Ruiz
Hilda,Gutierrez
Gabriel,Hernandez
Zoe,Ortiz
Valeria,Reyes
Ximena,Reyes
Fernanda,Perez
Pablo,Ruiz
Queta,Rivera
Ximena,Martinez
Fernanda,Mendoza
Zoe,Perez
William,Rodriguez
Roberto,Diaz
Beatriz,Ramirez
Eduardo,Gomez
Mariana,Mendoza
Pablo,Torres
Eduardo,Vasquez
Tomas,Gomez
Julia,Moreno
William,Rivera
Carlos,Garcia
Fernanda,Alvarez
Nicolas,Flores
Tomas,Mendoza
Ulises,Ortiz
Roberto,Gomez
Alejandro,Gutierrez
Ximena,Ortiz
Tomas,Gutierrez
Gabriel,Torres
Olga,Perez
Sara,Perez
Fernanda,Perez
Carlos,Cruz
Julia,Garcia
Nicolas,Chavez
Olga,Moreno
Ignacio,Garcia
Ignacio,Diaz
Zoe,Cruz
Ulises,Cruz
Queta,Moreno
Roberto,Rodriguez
Hilda,Gutierrez
Zoe,Sanchez
Beatriz,Gomez
Roberto,Sanchez
Sara,Alvarez
Zoe,Gomez
Luis,Ortiz
Julia,Diaz
Julia,Ortiz
Queta,Hernandez
Diana,Lopez
Carlos,Rivera
Nicolas,Reyes
Tomas,Reyes
Luis,Morales
Beatriz,Perez
Ulises,Garcia
Sara,Cruz
Beatriz,Moreno
Fernanda,Martinez
Pablo,Vasquez
Mariana,Gomez
Gabriel,Reyes
Sara,Reyes
Julia,Sanchez
Alejandro,Chavez
Olga,Gutierrez
Fernanda,Martinez
Queta,Chavez
Nicolas,Garcia
Fernanda,Morales
Carlos,Flores
Diana,Reyes
Pablo,Cruz
Valeria,Diaz
Diana,Chavez
Fernanda,Vasquez
Beatriz,Vasquez
Roberto,Rivera
Beatriz,Diaz
Julia,Lopez
Gabriel,Flores
Pablo,Mendoza
Ignacio,Flores
Valeria,Ruiz
William,Ruiz
Sara,Ruiz
Pablo,Diaz
Julia,Sanchez
Pablo,Cruz
Roberto,Gutierrez
Eduardo,Morales
Ulises,Morales
Tomas,Ruiz
Olga,Cruz
Zoe,Sanchez
Julia,Cruz
Diana,Vasquez
Tomas,Lopez
Mariana,Rivera
Ignacio,Torres
Ulises,Ruiz
Karla,Vasquez
Ignacio,Martinez
Queta,Torres
Hilda,Gomez
Karla,Lopez
Sara,Diaz
Fernanda,Rivera
Carlos,Reyes
Hilda,Reyes
Diana,Sanchez
Fernanda,Lopez
Alejandro,Rodriguez
Karla,Gonzalez
Julia,Vasquez
Roberto,Reyes
Olga,Gomez
Beatriz,Ramirez
Beatriz,Reyes
Karla,Ruiz
Ximena,Mendoza
Tomas,Cruz
Sara,Chavez
Alejandro,Jimenez
Carlos,Diaz
Valeria,Gutierrez
Ulises,Cruz
Carlos,Mendoza
William,Sanchez
Carlos,Flores
Roberto,Ortiz
Diana,Diaz
Diana,Mendoza
Diana,Garcia
Nicolas,Gutierrez
Olga,Mendoza
Queta,Ortiz
Julia,Vasquez
Queta,Morales
Olga,Ruiz
Valeria,Gonzalez
Pablo,Cruz
Sara,Gonzalez
Pablo,Ortiz
Fernanda,Alvarez
Julia,Rodriguez
Beatriz,Cruz
Luis,Reyes
Alejandro,Moreno
Karla,Reyes
Hilda,Reyes
Eduardo,Garcia
Diana,Rivera
Gabriel,Ortiz
Luis,Ramirez
Roberto,Martinez
Tomas,Rivera
William,Ortiz
Queta,Hernandez
Tomas,Sanchez
Valeria,Chavez
William,Moreno
Sara,Jimenez
Nicolas,Mendoza
Hilda,Ruiz
Diana,Ruiz
Queta,Cruz
Beatriz,Sanchez
Olga,Garcia
Nicolas,Rivera
Olga,Flores
Eduardo,Mendoza
Gabriel,Flores
Eduardo,Diaz
William,Rivera
Pablo,Gomez
Julia,Rivera
Mariana,Gomez
Karla,Alvarez
Nicolas,Ramirez
Ignacio,Mendoza
Ximena,Flores
Olga,Martinez
Nicolas,Jimenez
Ignacio,Vasquez
Diana,Martinez
Eduardo,Vasquez
Tomas,Garcia
Carlos,Cruz
Olga,Martinez
Valeria,Gutierrez
Alejandro,Hernandez
Karla,Martinez
Ulises,Reyes
Julia,Jimenez
Mariana,Martinez
Eduardo,Morales
Ulises,Perez
Queta,Mendoza
Ulises,Ortiz
Luis,Diaz
Pablo,Jimenez
Pablo,Torres
Ignacio,Garcia
Gabriel,Garcia
Zoe,Rodriguez
Ulises,Ortiz
Beatriz,Gomez
Roberto,Moreno
Hilda,Rodriguez
Beatriz,Mendoza
Alejandro,Gutierrez
Ximena,Morales
Hilda,Flores
Eduardo,Gomez
Alejandro,Rodriguez
Zoe,Hernandez
Nicolas,Reyes
Hilda,Lopez
Alejandro,Lopez
Tomas,Rodriguez
Karla,Martinez
Yolanda,Moreno
Valeria,Ruiz
Gabriel,Jimenez
Queta,Reyes
Nicolas,Perez
William,Jimenez
Eduardo,Rivera
Gabriel,Diaz
Diana,Sanchez
Fernanda,Perez
Queta,Torres
Tomas,Mendoza
Diana,Jimenez
Luis,Sanchez
Sara,Martinez
Ignacio,Hernandez
William,Ruiz
Luis,Hernandez
Olga,Sanchez
Sara,Chavez
Eduardo,Martinez
Ignacio,Ortiz
Olga,Rivera
Ximena,Ortiz
Fernanda,Perez
Karla,Hernandez
Luis,Chavez
Queta,Mendoza
Gabriel,Rivera
William,Flores
Zoe,Chavez
Sara,Hernandez
Carlos,Flores
Nicolas,Jimenez
Carlos,Vasquez
Gabriel,Moreno
Eduardo,Gutierrez
Roberto,Garcia
Luis,Ortiz
Queta,Chavez
Ximena,Rodriguez
Fernanda,Alvarez
Fernanda,Moreno
Valeria,Alvarez
Hilda,Moreno
Ximena,Alvarez
Roberto,Lopez
Ignacio,Chavez
Ulises,Martinez
Zoe,Reyes
Pablo,Garcia
Olga,Jimenez
Fernanda,Chavez
Queta,Torres
Alejandro,Diaz
Sara,Flores
Zoe,Ruiz
Eduardo,Perez
Ximena,Alvarez
Diana,Vasquez
Yolanda,Ruiz
Queta,Hernandez
Alejandro,Flores
Roberto,Vasquez
Roberto,Cruz
Diana,Lopez
Roberto,Gonzalez
Gabriel,Rivera
Olga,Moreno
Valeria,Flores
Alejandro,Mendoza
Sara,Sanchez
Olga,Rivera
Eduardo,Torres
Diana,Vasquez
Karla,Morales
Beatriz,Mendoza
Tomas,Flores
Beatriz,Sanchez
Beatriz,Ortiz
Luis,Martinez
Pablo,Sanchez
Nicolas,Alvarez
Olga,Ortiz
Valeria,Alvarez
Queta,Reyes
Carlos,Ramirez
Roberto,Gomez
Pablo,Flores
Diana,Perez
Fernanda,Gonzalez
Ignacio,Mendoza
Karla,Moreno
Nicolas,Moreno
Yolanda,Reyes
Queta,Perez
Fernanda,Perez
Diana,Rivera
Yolanda,Vasquez
Yolanda,Gomez
Pablo,Chavez
Ignacio,Hernandez
Zoe,Cruz
Gabriel,Gutierrez
Beatriz,Moreno
Queta,Martinez
Yolanda,Jimenez
Diana,Rivera
Luis,Lopez
Ximena,Lopez
Sara,Garcia
Beatriz,Gutierrez
Julia,Ramirez
Alejandro,Ramirez
Gabriel,Flores
Eduardo,Rodriguez
Eduardo,Ruiz
William,Alvarez
Nicolas,Perez
William,Alvarez
Ulises,Perez
Roberto,Mendoza
Yolanda,Hernandez
Tomas,Reyes
Olga,Ruiz
Hilda,Sanchez
Valeria,Rodriguez
Yolanda,Garcia
Alejandro,Torres
Olga,Gutierrez
Diana,Jimenez
Hilda,Alvarez
Ignacio,Lopez
Yolanda,Hernandez
Zoe,Ortiz
Julia,Vasquez
Gabriel,Torres
Sara,Cruz
Zoe,Moreno
Valeria,Reyes
Ulises,Gutierrez
Ximena,Morales
Diana,Reyes
Olga,Moreno
Julia,Torres
Hilda,Sanchez
Fernanda,Rodriguez
Roberto,Perez
Mariana,Chavez
Queta,Rodriguez
Tomas,Torres
Mariana,Alvarez
Sara,Vasquez
Ignacio,Vasquez
Ximena,Moreno
Zoe,Gomez
Nicolas,Moreno
Karla,Moreno
Tomas,Reyes
Yolanda,Reyes
Sara,Mendoza
Queta,Mendoza
William,Lopez
Fernanda,Reyes
Roberto,Gomez
Luis,Jimenez
Ulises,Chavez
Pablo,Perez
Julia,Vasquez
Yolanda,Lopez
Valeria,Perez
Mariana,Lopez
Julia,Lopez
Alejandro,Sanchez
Olga,Lopez
Nicolas,Alvarez
Karla,Diaz
Mariana,Ramirez
Valeria,Martinez
Roberto,Mendoza
Nicolas,Hernandez
Mariana,Morales
Luis,Torres
Gabriel,Rodriguez
Eduardo,Vasquez
Luis,Moreno
Ignacio,Jimenez
Karla,Alvarez
Fernanda,Mendoza
Karla,Jimenez
William,Gomez
Ulises,Gonzalez
Ignacio,Ortiz
Julia,Hernandez
Beatriz,Gutierrez
Tomas,Flores
Queta,Moreno
Beatriz,Garcia
Luis,Ruiz
William,Vasquez
Yolanda,Gonzalez
Mariana,Alvarez
Gabriel,Moreno
Roberto,Morales
Karla,Sanchez
Ximena,Rodriguez
Ignacio,Gomez
Karla,Moreno
Olga,Morales
Alejandro,Morales
Ximena,Jimenez
Luis,Jimenez
Luis,Ortiz
Sara,Gomez
Sara,Sanchez
William,Torres
Sara,Reyes
Pablo,Mendoza
Olga,Vasquez
Eduardo,Gonzalez
Ulises,Moreno
Diana,Rivera
Sara,Garcia
Luis,Jimenez
Nicolas,Gutierrez
Carlos,Vasquez
Luis,Rivera
Julia,Rodriguez
Roberto,Rivera
Karla,Cruz
Ulises,Rivera
Julia,Ortiz
Nicolas,Perez
Luis,Diaz
Fernanda,Perez
Carlos,Alvarez
Ignacio,Garcia
Beatriz,Rodriguez
Ximena,Flores
Yolanda,Morales
William,Cruz
William,Ruiz
Olga,Chavez
Hilda,Garcia
Carlos,Rodriguez
Fernanda,Ruiz
Karla,Chavez
Ignacio,Gonzalez
Olga,Gomez
Karla,Diaz
Eduardo,Rodriguez
William,Garcia
Diana,Alvarez
Nicolas,Mendoza
Pablo,Mendoza
William,Garcia
Julia,Alvarez
Hilda,Alvarez
Carlos,Rodriguez
Beatriz,Gutierrez
Tomas,Rivera
Julia,Moreno
Sara,Cruz
Pablo,Flores
Fernanda,Ruiz
William,Vasquez
Tomas,Vasquez
Alejandro,Ortiz
Mariana,Lopez
Carlos,Martinez
Tomas,Gutierrez
Ignacio,Flores
Nicolas,Torres
Yolanda,Mendoza
Ulises,Alvarez
Diana,Martinez
Diana,Vasquez
Valeria,Diaz
Yolanda,Reyes
William,Rodriguez
Eduardo,Gomez
William,Chavez
Luis,Reyes
Julia,Rivera
Mariana,Gonzalez
Diana,Martinez
Fernanda,Hernandez
William,Perez
Zoe,Jimenez
Alejandro,Ruiz
Roberto,Cruz
Beatriz,Lopez
Ulises,Alvarez
Diana,Gomez
Gabriel,Sanchez
Nicolas,Perez
Hilda,Jimenez
Julia,Rivera
Olga,Sanchez
Ignacio,Vasquez
Eduardo,Ortiz
Fernanda,Ortiz
Gabriel,Ramirez
Alejandro,Diaz
Olga,Morales
Eduardo,Sanchez
Ignacio,Sanchez
Carlos,Martinez
Valeria,Rivera
Luis,Sanchez
Yolanda,Alvarez
Julia,Gomez
Valeria,Perez
Beatriz,Martinez
Luis,Torres
Beatriz,Mendoza
Carlos,Vasquez
Diana,Torres
Beatriz,Rivera
Ulises,Reyes
Fernanda,Diaz
William,Perez
Gabriel,Garcia
Gabriel,Morales
Fernanda,Ruiz
Nicolas,Chavez
Luis,Cruz
Roberto,Alvarez
Zoe,Torres
Pablo,Moreno
Sara,Reyes
Valeria,Chavez
Ulises,Ortiz
Sara,Morales
Nicolas,Vasquez
Ximena,Torres
Alejandro,Perez
Sara,Rodriguez
Pablo,Hernandez
Diana,Chavez
Luis,Sanchez
Beatriz,Diaz
Valeria,Garcia
Pablo,Ruiz
Nicolas,Torres
Karla,Morales
Tomas,Lopez
Luis,Morales
Zoe,Perez
Carlos,Jimenez
Mariana,Rivera
Karla,Gutierrez
Eduardo,Martinez
Yolanda,Reyes
Julia,Hernandez
Sara,Garcia
Roberto,Martinez
Fernanda,Gonzalez
Ignacio,Hernandez
Queta,Torres
Olga,Ruiz
Eduardo,Chavez
Fernanda,Gutierrez
Karla,Ortiz
Alejandro,Vasquez
Pablo,Hernandez
Nicolas,Lopez
Valeria,Sanchez
Queta,Sanchez
Karla,Rodriguez
Zoe,Rivera
Zoe,Vasquez
Luis,Morales
Ulises,Flores
Roberto,Ortiz
Roberto,Ruiz
Gabriel,Flores
Mariana,Perez
Roberto,Sanchez
Carlos,Gomez
Mariana,Jimenez
Ulises,Martinez
Luis,Ramirez
Carlos,Vasquez
Valeria,Gomez
Roberto,Torres
William,Gutierrez
Ulises,Morales
Tomas,Moreno
Gabriel,Ruiz
Nicolas,Lopez
Ulises,Diaz
Queta,Perez
Roberto,Moreno
Zoe,Gonzalez
Julia,Gonzalez
Tomas,Flores
Carlos,Chavez
Alejandro,Hernandez
Hilda,Rivera
Nicolas,Diaz
Tomas,Garcia
Fernanda,Morales
Sara,Gonzalez
Beatriz,Sanchez
Nicolas,Moreno
Sara,Reyes
Julia,Gutierrez
Ignacio,Mendoza
Hilda,Martinez
Mariana,Gutierrez
Olga,Lopez
Mariana,Vasquez
Sara,Garcia
Ulises,Martinez
Karla,Reyes
Julia,Ortiz
Sara,Morales
Zoe,Chavez
Beatriz,Ramirez
Karla,Gutierrez
Sara,Sanchez
Julia,Garcia
Ximena,Flores
Carlos,Diaz
Pablo,Gonzalez
Yolanda,Cruz
Ignacio,Perez
Hilda,Ramirez
Eduardo,Jimenez
Gabriel,Perez
Mariana,Alvarez
Yolanda,Gomez
Ignacio,Hernandez
Beatriz,Chavez
Julia,Perez
Olga,Gutierrez
Pablo,Hernandez
Pablo,Diaz
Roberto,Jimenez
Carlos,Hernandez
Nicolas,Gonzalez
William,Jimenez
Yolanda,Alvarez
Karla,Jimenez
Roberto,Garcia
Yolanda,Jimenez
Yolanda,Garcia
Eduardo,Torres
Fernanda,Gonzalez
Karla,Gonzalez
Diana,Rivera
Eduardo,Alvarez
Mariana,Reyes
Julia,Cruz
Olga,Lopez
Valeria,Vasquez
Yolanda,Ortiz
Pablo,Rodriguez
Alejandro,Morales
Nicolas,Lopez
Alejandro,Flores
Zoe,Ruiz
Tomas,Mendoza
Tomas,Perez
Queta,Martinez
Gabriel,Martinez
Ximena,Gutierrez
Karla,Gutierrez
Karla,Chavez
Zoe,Gomez
Karla,Lopez
Roberto,Reyes
Nicolas,Sanchez
Alejandro,Hernandez
Yolanda,Garcia
Queta,Gutierrez
